{
  "results": {
    "sa": {},
    "grasp": {
      "iris": {
        "3": {
          "sse": {
            "0": 78.85144142614601,
            "1": 78.85144142614601,
            "2": 78.85144142614601,
            "3": 78.85144142614601,
            "4": 78.85144142614601,
            "5": 78.85144142614601,
            "6": 78.85144142614601,
            "7": 78.85144142614601,
            "8": 78.85144142614601,
            "9": 78.85144142614601,
            "10": 78.85144142614601,
            "11": 78.85144142614601,
            "12": 78.85144142614601,
            "13": 78.85144142614601,
            "14": 78.85144142614601,
            "15": 78.85144142614601,
            "16": 78.85144142614601,
            "17": 78.85144142614601
          },
          "t": {
            "0": 1.0422740000000001,
            "1": 1.044368,
            "2": 1.0433599999999998,
            "3": 1.0117199999999995,
            "4": 1.0059909999999999,
            "5": 1.01626,
            "6": 1.004315,
            "7": 1.002599,
            "8": 1.005001,
            "9": 1.0058969999999992,
            "10": 1.008431999999999,
            "11": 1.0010889999999986,
            "12": 1.001168999999999,
            "13": 1.0049649999999986,
            "14": 1.001186999999998,
            "15": 1.002803,
            "16": 1.002593000000001,
            "17": 1.0027429999999988
          },
          "zscore": {
            "0": 0.0,
            "1": 0.0,
            "2": 0.0,
            "3": 0.0,
            "4": 0.0,
            "5": 0.0,
            "6": 0.0,
            "7": 0.0,
            "8": 0.0,
            "9": 0.0,
            "10": 0.0,
            "11": 0.0,
            "12": 0.0,
            "13": 0.0,
            "14": 0.0,
            "15": 0.0,
            "16": 0.0,
            "17": 0.0
          },
          "rank": {
            "0": 9.5,
            "1": 9.5,
            "2": 9.5,
            "3": 9.5,
            "4": 9.5,
            "5": 9.5,
            "6": 9.5,
            "7": 9.5,
            "8": 9.5,
            "9": 9.5,
            "10": 9.5,
            "11": 9.5,
            "12": 9.5,
            "13": 9.5,
            "14": 9.5,
            "15": 9.5,
            "16": 9.5,
            "17": 9.5
          }
        }
      }
    },
    "gen": {}
  },
  "hparams": {
    "sa": [
      [
        500.0,
        0.949999988079071,
        350
      ],
      [
        500.0,
        0.949999988079071,
        500
      ],
      [
        500.0,
        0.8500000238418579,
        350
      ],
      [
        500.0,
        0.8500000238418579,
        500
      ],
      [
        500.0,
        0.699999988079071,
        350
      ],
      [
        500.0,
        0.699999988079071,
        500
      ],
      [
        100.0,
        0.949999988079071,
        350
      ],
      [
        100.0,
        0.949999988079071,
        500
      ],
      [
        100.0,
        0.8500000238418579,
        350
      ],
      [
        100.0,
        0.8500000238418579,
        500
      ],
      [
        100.0,
        0.699999988079071,
        350
      ],
      [
        100.0,
        0.699999988079071,
        500
      ],
      [
        50.0,
        0.949999988079071,
        350
      ],
      [
        50.0,
        0.949999988079071,
        500
      ],
      [
        50.0,
        0.8500000238418579,
        350
      ],
      [
        50.0,
        0.8500000238418579,
        500
      ],
      [
        50.0,
        0.699999988079071,
        350
      ],
      [
        50.0,
        0.699999988079071,
        500
      ]
    ],
    "grasp": [
      [
        20,
        5
      ],
      [
        20,
        10
      ],
      [
        20,
        15
      ],
      [
        50,
        5
      ],
      [
        50,
        10
      ],
      [
        50,
        15
      ],
      [
        100,
        5
      ],
      [
        100,
        10
      ],
      [
        100,
        15
      ],
      [
        200,
        5
      ],
      [
        200,
        10
      ],
      [
        200,
        15
      ],
      [
        350,
        5
      ],
      [
        350,
        10
      ],
      [
        350,
        15
      ],
      [
        500,
        5
      ],
      [
        500,
        10
      ],
      [
        500,
        15
      ]
    ],
    "gen": [
      [
        10,
        0.75,
        0.10000000149011612
      ],
      [
        10,
        0.75,
        0.20000000298023224
      ],
      [
        10,
        0.8500000238418579,
        0.10000000149011612
      ],
      [
        10,
        0.8500000238418579,
        0.20000000298023224
      ],
      [
        10,
        0.949999988079071,
        0.10000000149011612
      ],
      [
        10,
        0.949999988079071,
        0.20000000298023224
      ],
      [
        30,
        0.75,
        0.10000000149011612
      ],
      [
        30,
        0.75,
        0.20000000298023224
      ],
      [
        30,
        0.8500000238418579,
        0.10000000149011612
      ],
      [
        30,
        0.8500000238418579,
        0.20000000298023224
      ],
      [
        30,
        0.949999988079071,
        0.10000000149011612
      ],
      [
        30,
        0.949999988079071,
        0.20000000298023224
      ],
      [
        50,
        0.75,
        0.10000000149011612
      ],
      [
        50,
        0.75,
        0.20000000298023224
      ],
      [
        50,
        0.8500000238418579,
        0.10000000149011612
      ],
      [
        50,
        0.8500000238418579,
        0.20000000298023224
      ],
      [
        50,
        0.949999988079071,
        0.10000000149011612
      ],
      [
        50,
        0.949999988079071,
        0.20000000298023224
      ]
    ]
  }
}